SQL> --log files should always contain date and time
SQL> SELECT TO_CHAR(sysdate, 'dd-mm-yyyy hh24:mi:ss') "Log start"
  2  FROM dual;

Log start          
-------------------
01-03-2022 16:47:28

SQL> 
SQL> --part 1
SQL> --query 1
SQL> SELECT *
  2  FROM employees;

EMPLOYEE_ID FIRST_NAME           LAST_NAME                 EMAIL                     PHONE_NUMBER         HIRE_DATE JOB_ID         SALARY COMMISSION_PCT MANAGER_ID DEPARTMENT_ID
----------- -------------------- ------------------------- ------------------------- -------------------- --------- ---------- ---------- -------------- ---------- -------------
        198 Donald               OConnell                  DOCONNEL                  650.507.9833         21-JUN-07 SH_CLERK         2600                       124            50
        199 Douglas              Grant                     DGRANT                    650.507.9844         13-JAN-08 SH_CLERK         2600                       124            50
        200 Jennifer             Whalen                    JWHALEN                   515.123.4444         17-SEP-03 AD_ASST          4400                       101            10
        201 Michael              Hartstein                 MHARTSTE                  515.123.5555         17-FEB-04 MK_MAN          13000                       100            20
        202 Pat                  Fay                       PFAY                      603.123.6666         17-AUG-05 MK_REP           6000                       201            20
        203 Susan                Mavris                    SMAVRIS                   515.123.7777         07-JUN-02 HR_REP           6500                       101            40
        204 Hermann              Baer                      HBAER                     515.123.8888         07-JUN-02 PR_REP          10000                       101            70
        205 Shelley              Higgins                   SHIGGINS                  515.123.8080         07-JUN-02 AC_MGR          12008                       101           110
        206 William              Gietz                     WGIETZ                    515.123.8181         07-JUN-02 AC_ACCOUNT       8300                       205           110
        100 Steven               King                      SKING                     515.123.4567         17-JUN-03 AD_PRES         24000                                      90
        101 Neena                Kochhar                   NKOCHHAR                  515.123.4568         21-SEP-05 AD_VP           17000                       100            90

EMPLOYEE_ID FIRST_NAME           LAST_NAME                 EMAIL                     PHONE_NUMBER         HIRE_DATE JOB_ID         SALARY COMMISSION_PCT MANAGER_ID DEPARTMENT_ID
----------- -------------------- ------------------------- ------------------------- -------------------- --------- ---------- ---------- -------------- ---------- -------------
        102 Lex                  De Haan                   LDEHAAN                   515.123.4569         13-JAN-01 AD_VP           17000                       100            90
        103 Alexander            Hunold                    AHUNOLD                   590.423.4567         03-JAN-06 IT_PROG          9000                       102            60
        104 Bruce                Ernst                     BERNST                    590.423.4568         21-MAY-07 IT_PROG          6000                       103            60
        105 David                Austin                    DAUSTIN                   590.423.4569         25-JUN-05 IT_PROG          4800                       103            60
        106 Valli                Pataballa                 VPATABAL                  590.423.4560         05-FEB-06 IT_PROG          4800                       103            60
        107 Diana                Lorentz                   DLORENTZ                  590.423.5567         07-FEB-07 IT_PROG          4200                       103            60
        108 Nancy                Greenberg                 NGREENBE                  515.124.4569         17-AUG-02 FI_MGR          12008                       101           100
        109 Daniel               Faviet                    DFAVIET                   515.124.4169         16-AUG-02 FI_ACCOUNT       9000                       108           100
        110 John                 Chen                      JCHEN                     515.124.4269         28-SEP-05 FI_ACCOUNT       8200                       108           100
        111 Ismael               Sciarra                   ISCIARRA                  515.124.4369         30-SEP-05 FI_ACCOUNT       7700                       108           100
        112 Jose Manuel          Urman                     JMURMAN                   515.124.4469         07-MAR-06 FI_ACCOUNT       7800                       108           100

EMPLOYEE_ID FIRST_NAME           LAST_NAME                 EMAIL                     PHONE_NUMBER         HIRE_DATE JOB_ID         SALARY COMMISSION_PCT MANAGER_ID DEPARTMENT_ID
----------- -------------------- ------------------------- ------------------------- -------------------- --------- ---------- ---------- -------------- ---------- -------------
        113 Luis                 Popp                      LPOPP                     515.124.4567         07-DEC-07 FI_ACCOUNT       6900                       108           100
        114 Den                  Raphaely                  DRAPHEAL                  515.127.4561         07-DEC-02 PU_MAN          11000                       100            30
        115 Alexander            Khoo                      AKHOO                     515.127.4562         18-MAY-03 PU_CLERK         3100                       114            30
        116 Shelli               Baida                     SBAIDA                    515.127.4563         24-DEC-05 PU_CLERK         2900                       114            30
        117 Sigal                Tobias                    STOBIAS                   515.127.4564         24-JUL-05 PU_CLERK         2800                       114            30
        118 Guy                  Himuro                    GHIMURO                   515.127.4565         15-NOV-06 PU_CLERK         2600                       114            30
        119 Karen                Colmenares                KCOLMENA                  515.127.4566         10-AUG-07 PU_CLERK         2500                       114            30
        120 Matthew              Weiss                     MWEISS                    650.123.1234         18-JUL-04 ST_MAN           8000                       100            50
        121 Adam                 Fripp                     AFRIPP                    650.123.2234         10-APR-05 ST_MAN           8200                       100            50
        122 Payam                Kaufling                  PKAUFLIN                  650.123.3234         01-MAY-03 ST_MAN           7900                       100            50
        123 Shanta               Vollman                   SVOLLMAN                  650.123.4234         10-OCT-05 ST_MAN           6500                       100            50

EMPLOYEE_ID FIRST_NAME           LAST_NAME                 EMAIL                     PHONE_NUMBER         HIRE_DATE JOB_ID         SALARY COMMISSION_PCT MANAGER_ID DEPARTMENT_ID
----------- -------------------- ------------------------- ------------------------- -------------------- --------- ---------- ---------- -------------- ---------- -------------
        124 Kevin                Mourgos                   KMOURGOS                  650.123.5234         16-NOV-07 ST_MAN           5800                       100            50
        125 Julia                Nayer                     JNAYER                    650.124.1214         16-JUL-05 ST_CLERK         3200                       120            50
        126 Irene                Mikkilineni               IMIKKILI                  650.124.1224         28-SEP-06 ST_CLERK         2700                       120            50
        127 James                Landry                    JLANDRY                   650.124.1334         14-JAN-07 ST_CLERK         2400                       120            50
        128 Steven               Markle                    SMARKLE                   650.124.1434         08-MAR-08 ST_CLERK         2200                       120            50
        129 Laura                Bissot                    LBISSOT                   650.124.5234         20-AUG-05 ST_CLERK         3300                       121            50
        130 Mozhe                Atkinson                  MATKINSO                  650.124.6234         30-OCT-05 ST_CLERK         2800                       121            50
        131 James                Marlow                    JAMRLOW                   650.124.7234         16-FEB-05 ST_CLERK         2500                       121            50
        132 TJ                   Olson                     TJOLSON                   650.124.8234         10-APR-07 ST_CLERK         2100                       121            50
        133 Jason                Mallin                    JMALLIN                   650.127.1934         14-JUN-04 ST_CLERK         3300                       122            50
        134 Michael              Rogers                    MROGERS                   650.127.1834         26-AUG-06 ST_CLERK         2900                       122            50

EMPLOYEE_ID FIRST_NAME           LAST_NAME                 EMAIL                     PHONE_NUMBER         HIRE_DATE JOB_ID         SALARY COMMISSION_PCT MANAGER_ID DEPARTMENT_ID
----------- -------------------- ------------------------- ------------------------- -------------------- --------- ---------- ---------- -------------- ---------- -------------
        135 Ki                   Gee                       KGEE                      650.127.1734         12-DEC-07 ST_CLERK         2400                       122            50
        136 Hazel                Philtanker                HPHILTAN                  650.127.1634         06-FEB-08 ST_CLERK         2200                       122            50
        137 Renske               Ladwig                    RLADWIG                   650.121.1234         14-JUL-03 ST_CLERK         3600                       123            50
        138 Stephen              Stiles                    SSTILES                   650.121.2034         26-OCT-05 ST_CLERK         3200                       123            50
        139 John                 Seo                       JSEO                      650.121.2019         12-FEB-06 ST_CLERK         2700                       123            50
        140 Joshua               Patel                     JPATEL                    650.121.1834         06-APR-06 ST_CLERK         2500                       123            50
        141 Trenna               Rajs                      TRAJS                     650.121.8009         17-OCT-03 ST_CLERK         3500                       124            50
        142 Curtis               Davies                    CDAVIES                   650.121.2994         29-JAN-05 ST_CLERK         3100                       124            50
        143 Randall              Matos                     RMATOS                    650.121.2874         15-MAR-06 ST_CLERK         2600                       124            50
        144 Peter                Vargas                    PVARGAS                   650.121.2004         09-JUL-06 ST_CLERK         2500                       124            50
        145 John                 Russell                   JRUSSEL                   011.44.1344.429268   01-OCT-04 SA_MAN          14000             .4        100            80

EMPLOYEE_ID FIRST_NAME           LAST_NAME                 EMAIL                     PHONE_NUMBER         HIRE_DATE JOB_ID         SALARY COMMISSION_PCT MANAGER_ID DEPARTMENT_ID
----------- -------------------- ------------------------- ------------------------- -------------------- --------- ---------- ---------- -------------- ---------- -------------
        146 Karen                Partners                  KPARTNER                  011.44.1344.467268   05-JAN-05 SA_MAN          13500             .3        100            80
        147 Alberto              Errazuriz                 AERRAZUR                  011.44.1344.429278   10-MAR-05 SA_MAN          12000             .3        100            80
        148 Gerald               Cambrault                 GCAMBRAU                  011.44.1344.619268   15-OCT-07 SA_MAN          11000             .3        100            80
        149 Eleni                Zlotkey                   EZLOTKEY                  011.44.1344.429018   29-JAN-08 SA_MAN          10500             .2        100            80
        150 Peter                Tucker                    PTUCKER                   011.44.1344.129268   30-JAN-05 SA_REP          10000             .3        145            80
        151 David                Bernstein                 DBERNSTE                  011.44.1344.345268   24-MAR-05 SA_REP           9500            .25        145            80
        152 Peter                Hall                      PHALL                     011.44.1344.478968   20-AUG-05 SA_REP           9000            .25        145            80
        153 Christopher          Olsen                     COLSEN                    011.44.1344.498718   30-MAR-06 SA_REP           8000             .2        145            80
        154 Nanette              Cambrault                 NCAMBRAU                  011.44.1344.987668   09-DEC-06 SA_REP           7500             .2        145            80
        155 Oliver               Tuvault                   OTUVAULT                  011.44.1344.486508   23-NOV-07 SA_REP           7000            .15        145            80
        156 Janette              King                      JKING                     011.44.1345.429268   30-JAN-04 SA_REP          10000            .35        146            80

EMPLOYEE_ID FIRST_NAME           LAST_NAME                 EMAIL                     PHONE_NUMBER         HIRE_DATE JOB_ID         SALARY COMMISSION_PCT MANAGER_ID DEPARTMENT_ID
----------- -------------------- ------------------------- ------------------------- -------------------- --------- ---------- ---------- -------------- ---------- -------------
        157 Patrick              Sully                     PSULLY                    011.44.1345.929268   04-MAR-04 SA_REP           9500            .35        146            80
        158 Allan                McEwen                    AMCEWEN                   011.44.1345.829268   01-AUG-04 SA_REP           9000            .35        146            80
        159 Lindsey              Smith                     LSMITH                    011.44.1345.729268   10-MAR-05 SA_REP           8000             .3        146            80
        160 Louise               Doran                     LDORAN                    011.44.1345.629268   15-DEC-05 SA_REP           7500             .3        146            80
        161 Sarath               Sewall                    SSEWALL                   011.44.1345.529268   03-NOV-06 SA_REP           7000            .25        146            80
        162 Clara                Vishney                   CVISHNEY                  011.44.1346.129268   11-NOV-05 SA_REP          10500            .25        147            80
        163 Danielle             Greene                    DGREENE                   011.44.1346.229268   19-MAR-07 SA_REP           9500            .15        147            80
        164 Mattea               Marvins                   MMARVINS                  011.44.1346.329268   24-JAN-08 SA_REP           7200             .1        147            80
        165 David                Lee                       DLEE                      011.44.1346.529268   23-FEB-08 SA_REP           6800             .1        147            80
        166 Sundar               Ande                      SANDE                     011.44.1346.629268   24-MAR-08 SA_REP           6400             .1        147            80
        167 Amit                 Banda                     ABANDA                    011.44.1346.729268   21-APR-08 SA_REP           6200             .1        147            80

EMPLOYEE_ID FIRST_NAME           LAST_NAME                 EMAIL                     PHONE_NUMBER         HIRE_DATE JOB_ID         SALARY COMMISSION_PCT MANAGER_ID DEPARTMENT_ID
----------- -------------------- ------------------------- ------------------------- -------------------- --------- ---------- ---------- -------------- ---------- -------------
        168 Lisa                 Ozer                      LOZER                     011.44.1343.929268   11-MAR-05 SA_REP          11500            .25        148            80
        169 Harrison             Bloom                     HBLOOM                    011.44.1343.829268   23-MAR-06 SA_REP          10000             .2        148            80
        170 Tayler               Fox                       TFOX                      011.44.1343.729268   24-JAN-06 SA_REP           9600             .2        148            80
        171 William              Smith                     WSMITH                    011.44.1343.629268   23-FEB-07 SA_REP           7400            .15        148            80
        172 Elizabeth            Bates                     EBATES                    011.44.1343.529268   24-MAR-07 SA_REP           7300            .15        148            80
        173 Sundita              Kumar                     SKUMAR                    011.44.1343.329268   21-APR-08 SA_REP           6100             .1        148            80
        174 Ellen                Abel                      EABEL                     011.44.1644.429267   11-MAY-04 SA_REP          11000             .3        149            80
        175 Alyssa               Hutton                    AHUTTON                   011.44.1644.429266   19-MAR-05 SA_REP           8800            .25        149            80
        176 Jonathon             Taylor                    JTAYLOR                   011.44.1644.429265   24-MAR-06 SA_REP           8600             .2        149            80
        177 Jack                 Livingston                JLIVINGS                  011.44.1644.429264   23-APR-06 SA_REP           8400             .2        149            80
        178 Kimberely            Grant                     KGRANT                    011.44.1644.429263   24-MAY-07 SA_REP           7000            .15        149              

EMPLOYEE_ID FIRST_NAME           LAST_NAME                 EMAIL                     PHONE_NUMBER         HIRE_DATE JOB_ID         SALARY COMMISSION_PCT MANAGER_ID DEPARTMENT_ID
----------- -------------------- ------------------------- ------------------------- -------------------- --------- ---------- ---------- -------------- ---------- -------------
        179 Charles              Johnson                   CJOHNSON                  011.44.1644.429262   04-JAN-08 SA_REP           6200             .1        149            80
        180 Winston              Taylor                    WTAYLOR                   650.507.9876         24-JAN-06 SH_CLERK         3200                       120            50
        181 Jean                 Fleaur                    JFLEAUR                   650.507.9877         23-FEB-06 SH_CLERK         3100                       120            50
        182 Martha               Sullivan                  MSULLIVA                  650.507.9878         21-JUN-07 SH_CLERK         2500                       120            50
        183 Girard               Geoni                     GGEONI                    650.507.9879         03-FEB-08 SH_CLERK         2800                       120            50
        184 Nandita              Sarchand                  NSARCHAN                  650.509.1876         27-JAN-04 SH_CLERK         4200                       121            50
        185 Alexis               Bull                      ABULL                     650.509.2876         20-FEB-05 SH_CLERK         4100                       121            50
        186 Julia                Dellinger                 JDELLING                  650.509.3876         24-JUN-06 SH_CLERK         3400                       121            50
        187 Anthony              Cabrio                    ACABRIO                   650.509.4876         07-FEB-07 SH_CLERK         3000                       121            50
        188 Kelly                Chung                     KCHUNG                    650.505.1876         14-JUN-05 SH_CLERK         3800                       122            50
        189 Jennifer             Dilly                     JDILLY                    650.505.2876         13-AUG-05 SH_CLERK         3600                       122            50

EMPLOYEE_ID FIRST_NAME           LAST_NAME                 EMAIL                     PHONE_NUMBER         HIRE_DATE JOB_ID         SALARY COMMISSION_PCT MANAGER_ID DEPARTMENT_ID
----------- -------------------- ------------------------- ------------------------- -------------------- --------- ---------- ---------- -------------- ---------- -------------
        190 Timothy              Gates                     TGATES                    650.505.3876         11-JUL-06 SH_CLERK         2900                       122            50
        191 Randall              Perkins                   RPERKINS                  650.505.4876         19-DEC-07 SH_CLERK         2500                       122            50
        192 Sarah                Bell                      SBELL                     650.501.1876         04-FEB-04 SH_CLERK         4000                       123            50
        193 Britney              Everett                   BEVERETT                  650.501.2876         03-MAR-05 SH_CLERK         3900                       123            50
        194 Samuel               McCain                    SMCCAIN                   650.501.3876         01-JUL-06 SH_CLERK         3200                       123            50
        195 Vance                Jones                     VJONES                    650.501.4876         17-MAR-07 SH_CLERK         2800                       123            50
        196 Alana                Walsh                     AWALSH                    650.507.9811         24-APR-06 SH_CLERK         3100                       124            50
        197 Kevin                Feeney                    KFEENEY                   650.507.9822         23-MAY-06 SH_CLERK         3000                       124            50

107 rows selected. 

SQL> 
SQL> --query 2
SQL> SELECT DEPARTMENT_NAME 
  2  FROM departments;

DEPARTMENT_NAME               
------------------------------
Administration
Marketing
Purchasing
Human Resources
Shipping
IT
Public Relations
Sales
Executive
Finance
Accounting

DEPARTMENT_NAME               
------------------------------
Treasury
Corporate Tax
Control And Credit
Shareholder Services
Benefits
Manufacturing
Construction
Contracting
Operations
IT Support
NOC

DEPARTMENT_NAME               
------------------------------
IT Helpdesk
Government Sales
Retail Sales
Recruiting
Payroll

27 rows selected. 

SQL> 
SQL> --query 3
SQL> SELECT LAST_NAME
  2  FROM employees;

LAST_NAME                
-------------------------
Abel
Ande
Atkinson
Austin
Baer
Baida
Banda
Bates
Bell
Bernstein
Bissot

LAST_NAME                
-------------------------
Bloom
Bull
Cabrio
Cambrault
Cambrault
Chen
Chung
Colmenares
Davies
De Haan
Dellinger

LAST_NAME                
-------------------------
Dilly
Doran
Ernst
Errazuriz
Everett
Faviet
Fay
Feeney
Fleaur
Fox
Fripp

LAST_NAME                
-------------------------
Gates
Gee
Geoni
Gietz
Grant
Grant
Greenberg
Greene
Hall
Hartstein
Higgins

LAST_NAME                
-------------------------
Himuro
Hunold
Hutton
Johnson
Jones
Kaufling
Khoo
King
King
Kochhar
Kumar

LAST_NAME                
-------------------------
Ladwig
Landry
Lee
Livingston
Lorentz
Mallin
Markle
Marlow
Marvins
Matos
Mavris

LAST_NAME                
-------------------------
McCain
McEwen
Mikkilineni
Mourgos
Nayer
OConnell
Olsen
Olson
Ozer
Partners
Pataballa

LAST_NAME                
-------------------------
Patel
Perkins
Philtanker
Popp
Rajs
Raphaely
Rogers
Russell
Sarchand
Sciarra
Seo

LAST_NAME                
-------------------------
Sewall
Smith
Smith
Stiles
Sullivan
Sully
Taylor
Taylor
Tobias
Tucker
Tuvault

LAST_NAME                
-------------------------
Urman
Vargas
Vishney
Vollman
Walsh
Weiss
Whalen
Zlotkey

107 rows selected. 

SQL> 
SQL> --query 4
SQL> SELECT CITY, POSTAL_CODE
  2  FROM locations;

CITY                           POSTAL_CODE 
------------------------------ ------------
Roma                           00989       
Venice                         10934       
Tokyo                          1689        
Hiroshima                      6823        
Southlake                      26192       
South San Francisco            99236       
South Brunswick                50090       
Seattle                        98199       
Toronto                        M5V 2L7     
Whitehorse                     YSW 9T2     
Beijing                        190518      

CITY                           POSTAL_CODE 
------------------------------ ------------
Bombay                         490231      
Sydney                         2901        
Singapore                      540198      
London                                     
Oxford                         OX9 9ZB     
Stretford                      09629850293 
Munich                         80925       
Sao Paulo                      01307-002   
Geneva                         1730        
Bern                           3095        
Utrecht                        3029SK      

CITY                           POSTAL_CODE 
------------------------------ ------------
Mexico City                    11932       

23 rows selected. 

SQL> 
SQL> --part 2
SQL> --query 1
SQL> SELECT DEPARTMENT_ID, DEPARTMENT_NAME
  2  FROM departments
  3  ORDER BY DEPARTMENT_NAME desc;

DEPARTMENT_ID DEPARTMENT_NAME               
------------- ------------------------------
          120 Treasury                      
           50 Shipping                      
          150 Shareholder Services          
           80 Sales                         
          250 Retail Sales                  
          260 Recruiting                    
           30 Purchasing                    
           70 Public Relations              
          270 Payroll                       
          200 Operations                    
          220 NOC                           

DEPARTMENT_ID DEPARTMENT_NAME               
------------- ------------------------------
           20 Marketing                     
          170 Manufacturing                 
          210 IT Support                    
          230 IT Helpdesk                   
           60 IT                            
           40 Human Resources               
          240 Government Sales              
          100 Finance                       
           90 Executive                     
          130 Corporate Tax                 
          140 Control And Credit            

DEPARTMENT_ID DEPARTMENT_NAME               
------------- ------------------------------
          190 Contracting                   
          180 Construction                  
          160 Benefits                      
           10 Administration                
          110 Accounting                    

27 rows selected. 

SQL> 
SQL> --query 2
SQL> SELECT LAST_NAME, SALARY, SALARY + (SALARY / 20) AS "Salary Increase"
  2  FROM employees;

LAST_NAME                     SALARY Salary Increase
------------------------- ---------- ---------------
OConnell                        2600            2730
Grant                           2600            2730
Whalen                          4400            4620
Hartstein                      13000           13650
Fay                             6000            6300
Mavris                          6500            6825
Baer                           10000           10500
Higgins                        12008         12608.4
Gietz                           8300            8715
King                           24000           25200
Kochhar                        17000           17850

LAST_NAME                     SALARY Salary Increase
------------------------- ---------- ---------------
De Haan                        17000           17850
Hunold                          9000            9450
Ernst                           6000            6300
Austin                          4800            5040
Pataballa                       4800            5040
Lorentz                         4200            4410
Greenberg                      12008         12608.4
Faviet                          9000            9450
Chen                            8200            8610
Sciarra                         7700            8085
Urman                           7800            8190

LAST_NAME                     SALARY Salary Increase
------------------------- ---------- ---------------
Popp                            6900            7245
Raphaely                       11000           11550
Khoo                            3100            3255
Baida                           2900            3045
Tobias                          2800            2940
Himuro                          2600            2730
Colmenares                      2500            2625
Weiss                           8000            8400
Fripp                           8200            8610
Kaufling                        7900            8295
Vollman                         6500            6825

LAST_NAME                     SALARY Salary Increase
------------------------- ---------- ---------------
Mourgos                         5800            6090
Nayer                           3200            3360
Mikkilineni                     2700            2835
Landry                          2400            2520
Markle                          2200            2310
Bissot                          3300            3465
Atkinson                        2800            2940
Marlow                          2500            2625
Olson                           2100            2205
Mallin                          3300            3465
Rogers                          2900            3045

LAST_NAME                     SALARY Salary Increase
------------------------- ---------- ---------------
Gee                             2400            2520
Philtanker                      2200            2310
Ladwig                          3600            3780
Stiles                          3200            3360
Seo                             2700            2835
Patel                           2500            2625
Rajs                            3500            3675
Davies                          3100            3255
Matos                           2600            2730
Vargas                          2500            2625
Russell                        14000           14700

LAST_NAME                     SALARY Salary Increase
------------------------- ---------- ---------------
Partners                       13500           14175
Errazuriz                      12000           12600
Cambrault                      11000           11550
Zlotkey                        10500           11025
Tucker                         10000           10500
Bernstein                       9500            9975
Hall                            9000            9450
Olsen                           8000            8400
Cambrault                       7500            7875
Tuvault                         7000            7350
King                           10000           10500

LAST_NAME                     SALARY Salary Increase
------------------------- ---------- ---------------
Sully                           9500            9975
McEwen                          9000            9450
Smith                           8000            8400
Doran                           7500            7875
Sewall                          7000            7350
Vishney                        10500           11025
Greene                          9500            9975
Marvins                         7200            7560
Lee                             6800            7140
Ande                            6400            6720
Banda                           6200            6510

LAST_NAME                     SALARY Salary Increase
------------------------- ---------- ---------------
Ozer                           11500           12075
Bloom                          10000           10500
Fox                             9600           10080
Smith                           7400            7770
Bates                           7300            7665
Kumar                           6100            6405
Abel                           11000           11550
Hutton                          8800            9240
Taylor                          8600            9030
Livingston                      8400            8820
Grant                           7000            7350

LAST_NAME                     SALARY Salary Increase
------------------------- ---------- ---------------
Johnson                         6200            6510
Taylor                          3200            3360
Fleaur                          3100            3255
Sullivan                        2500            2625
Geoni                           2800            2940
Sarchand                        4200            4410
Bull                            4100            4305
Dellinger                       3400            3570
Cabrio                          3000            3150
Chung                           3800            3990
Dilly                           3600            3780

LAST_NAME                     SALARY Salary Increase
------------------------- ---------- ---------------
Gates                           2900            3045
Perkins                         2500            2625
Bell                            4000            4200
Everett                         3900            4095
McCain                          3200            3360
Jones                           2800            2940
Walsh                           3100            3255
Feeney                          3000            3150

107 rows selected. 

SQL> 
SQL> --query 3
SQL> SELECT FIRST_NAME || ' ' || LAST_NAME AS "FULL_NAME"
  2  FROM employees;

FULL_NAME                                     
----------------------------------------------
Ellen Abel
Sundar Ande
Mozhe Atkinson
David Austin
Hermann Baer
Shelli Baida
Amit Banda
Elizabeth Bates
Sarah Bell
David Bernstein
Laura Bissot

FULL_NAME                                     
----------------------------------------------
Harrison Bloom
Alexis Bull
Anthony Cabrio
Gerald Cambrault
Nanette Cambrault
John Chen
Kelly Chung
Karen Colmenares
Curtis Davies
Lex De Haan
Julia Dellinger

FULL_NAME                                     
----------------------------------------------
Jennifer Dilly
Louise Doran
Bruce Ernst
Alberto Errazuriz
Britney Everett
Daniel Faviet
Pat Fay
Kevin Feeney
Jean Fleaur
Tayler Fox
Adam Fripp

FULL_NAME                                     
----------------------------------------------
Timothy Gates
Ki Gee
Girard Geoni
William Gietz
Douglas Grant
Kimberely Grant
Nancy Greenberg
Danielle Greene
Peter Hall
Michael Hartstein
Shelley Higgins

FULL_NAME                                     
----------------------------------------------
Guy Himuro
Alexander Hunold
Alyssa Hutton
Charles Johnson
Vance Jones
Payam Kaufling
Alexander Khoo
Janette King
Steven King
Neena Kochhar
Sundita Kumar

FULL_NAME                                     
----------------------------------------------
Renske Ladwig
James Landry
David Lee
Jack Livingston
Diana Lorentz
Jason Mallin
Steven Markle
James Marlow
Mattea Marvins
Randall Matos
Susan Mavris

FULL_NAME                                     
----------------------------------------------
Samuel McCain
Allan McEwen
Irene Mikkilineni
Kevin Mourgos
Julia Nayer
Donald OConnell
Christopher Olsen
TJ Olson
Lisa Ozer
Karen Partners
Valli Pataballa

FULL_NAME                                     
----------------------------------------------
Joshua Patel
Randall Perkins
Hazel Philtanker
Luis Popp
Trenna Rajs
Den Raphaely
Michael Rogers
John Russell
Nandita Sarchand
Ismael Sciarra
John Seo

FULL_NAME                                     
----------------------------------------------
Sarath Sewall
Lindsey Smith
William Smith
Stephen Stiles
Martha Sullivan
Patrick Sully
Jonathon Taylor
Winston Taylor
Sigal Tobias
Peter Tucker
Oliver Tuvault

FULL_NAME                                     
----------------------------------------------
Jose Manuel Urman
Peter Vargas
Clara Vishney
Shanta Vollman
Alana Walsh
Matthew Weiss
Jennifer Whalen
Eleni Zlotkey

107 rows selected. 

SQL> 
SQL> --query 4
SQL> SELECT DISTINCT MANAGER_ID
  2  FROM employees
  3  WHERE MANAGER_ID IS NOT NULL
  4  ORDER BY MANAGER_ID desc;

MANAGER_ID
----------
       205
       201
       149
       148
       147
       146
       145
       124
       123
       122
       121

MANAGER_ID
----------
       120
       114
       108
       103
       102
       101
       100

18 rows selected. 

SQL> 
SQL> --part 3
SQL> --query 1
SQL> SELECT FIRST_NAME || ' ' || LAST_NAME AS "FULL_NAME", SALARY
  2  FROM employees
  3  WHERE SALARY <= 6000;

FULL_NAME                                          SALARY
---------------------------------------------- ----------
Donald OConnell                                      2600
Douglas Grant                                        2600
Jennifer Whalen                                      4400
Pat Fay                                              6000
Bruce Ernst                                          6000
David Austin                                         4800
Valli Pataballa                                      4800
Diana Lorentz                                        4200
Alexander Khoo                                       3100
Shelli Baida                                         2900
Sigal Tobias                                         2800

FULL_NAME                                          SALARY
---------------------------------------------- ----------
Guy Himuro                                           2600
Karen Colmenares                                     2500
Kevin Mourgos                                        5800
Julia Nayer                                          3200
Irene Mikkilineni                                    2700
James Landry                                         2400
Steven Markle                                        2200
Laura Bissot                                         3300
Mozhe Atkinson                                       2800
James Marlow                                         2500
TJ Olson                                             2100

FULL_NAME                                          SALARY
---------------------------------------------- ----------
Jason Mallin                                         3300
Michael Rogers                                       2900
Ki Gee                                               2400
Hazel Philtanker                                     2200
Renske Ladwig                                        3600
Stephen Stiles                                       3200
John Seo                                             2700
Joshua Patel                                         2500
Trenna Rajs                                          3500
Curtis Davies                                        3100
Randall Matos                                        2600

FULL_NAME                                          SALARY
---------------------------------------------- ----------
Peter Vargas                                         2500
Winston Taylor                                       3200
Jean Fleaur                                          3100
Martha Sullivan                                      2500
Girard Geoni                                         2800
Nandita Sarchand                                     4200
Alexis Bull                                          4100
Julia Dellinger                                      3400
Anthony Cabrio                                       3000
Kelly Chung                                          3800
Jennifer Dilly                                       3600

FULL_NAME                                          SALARY
---------------------------------------------- ----------
Timothy Gates                                        2900
Randall Perkins                                      2500
Sarah Bell                                           4000
Britney Everett                                      3900
Samuel McCain                                        3200
Vance Jones                                          2800
Alana Walsh                                          3100
Kevin Feeney                                         3000

52 rows selected. 

SQL> 
SQL> --query 2
SQL> SELECT *
  2  FROM employees
  3  WHERE DEPARTMENT_ID IS NULL;

EMPLOYEE_ID FIRST_NAME           LAST_NAME                 EMAIL                     PHONE_NUMBER         HIRE_DATE JOB_ID         SALARY COMMISSION_PCT MANAGER_ID DEPARTMENT_ID
----------- -------------------- ------------------------- ------------------------- -------------------- --------- ---------- ---------- -------------- ---------- -------------
        178 Kimberely            Grant                     KGRANT                    011.44.1644.429263   24-MAY-07 SA_REP           7000            .15        149              

SQL> 
SQL> --query 3
SQL> SELECT FIRST_NAME || ' ' || LAST_NAME AS "FULL_NAME", HIRE_DATE , SALARY, DEPARTMENT_ID
  2  FROM employees
  3  WHERE FIRST_NAME NOT LIKE '%M%';

FULL_NAME                                      HIRE_DATE     SALARY DEPARTMENT_ID
---------------------------------------------- --------- ---------- -------------
Donald OConnell                                21-JUN-07       2600            50
Douglas Grant                                  13-JAN-08       2600            50
Jennifer Whalen                                17-SEP-03       4400            10
Pat Fay                                        17-AUG-05       6000            20
Susan Mavris                                   07-JUN-02       6500            40
Hermann Baer                                   07-JUN-02      10000            70
Shelley Higgins                                07-JUN-02      12008           110
William Gietz                                  07-JUN-02       8300           110
Steven King                                    17-JUN-03      24000            90
Neena Kochhar                                  21-SEP-05      17000            90
Lex De Haan                                    13-JAN-01      17000            90

FULL_NAME                                      HIRE_DATE     SALARY DEPARTMENT_ID
---------------------------------------------- --------- ---------- -------------
Alexander Hunold                               03-JAN-06       9000            60
Bruce Ernst                                    21-MAY-07       6000            60
David Austin                                   25-JUN-05       4800            60
Valli Pataballa                                05-FEB-06       4800            60
Diana Lorentz                                  07-FEB-07       4200            60
Nancy Greenberg                                17-AUG-02      12008           100
Daniel Faviet                                  16-AUG-02       9000           100
John Chen                                      28-SEP-05       8200           100
Ismael Sciarra                                 30-SEP-05       7700           100
Luis Popp                                      07-DEC-07       6900           100
Den Raphaely                                   07-DEC-02      11000            30

FULL_NAME                                      HIRE_DATE     SALARY DEPARTMENT_ID
---------------------------------------------- --------- ---------- -------------
Alexander Khoo                                 18-MAY-03       3100            30
Shelli Baida                                   24-DEC-05       2900            30
Sigal Tobias                                   24-JUL-05       2800            30
Guy Himuro                                     15-NOV-06       2600            30
Karen Colmenares                               10-AUG-07       2500            30
Adam Fripp                                     10-APR-05       8200            50
Payam Kaufling                                 01-MAY-03       7900            50
Shanta Vollman                                 10-OCT-05       6500            50
Kevin Mourgos                                  16-NOV-07       5800            50
Julia Nayer                                    16-JUL-05       3200            50
Irene Mikkilineni                              28-SEP-06       2700            50

FULL_NAME                                      HIRE_DATE     SALARY DEPARTMENT_ID
---------------------------------------------- --------- ---------- -------------
James Landry                                   14-JAN-07       2400            50
Steven Markle                                  08-MAR-08       2200            50
Laura Bissot                                   20-AUG-05       3300            50
James Marlow                                   16-FEB-05       2500            50
TJ Olson                                       10-APR-07       2100            50
Jason Mallin                                   14-JUN-04       3300            50
Ki Gee                                         12-DEC-07       2400            50
Hazel Philtanker                               06-FEB-08       2200            50
Renske Ladwig                                  14-JUL-03       3600            50
Stephen Stiles                                 26-OCT-05       3200            50
John Seo                                       12-FEB-06       2700            50

FULL_NAME                                      HIRE_DATE     SALARY DEPARTMENT_ID
---------------------------------------------- --------- ---------- -------------
Joshua Patel                                   06-APR-06       2500            50
Trenna Rajs                                    17-OCT-03       3500            50
Curtis Davies                                  29-JAN-05       3100            50
Randall Matos                                  15-MAR-06       2600            50
Peter Vargas                                   09-JUL-06       2500            50
John Russell                                   01-OCT-04      14000            80
Karen Partners                                 05-JAN-05      13500            80
Alberto Errazuriz                              10-MAR-05      12000            80
Gerald Cambrault                               15-OCT-07      11000            80
Eleni Zlotkey                                  29-JAN-08      10500            80
Peter Tucker                                   30-JAN-05      10000            80

FULL_NAME                                      HIRE_DATE     SALARY DEPARTMENT_ID
---------------------------------------------- --------- ---------- -------------
David Bernstein                                24-MAR-05       9500            80
Peter Hall                                     20-AUG-05       9000            80
Christopher Olsen                              30-MAR-06       8000            80
Nanette Cambrault                              09-DEC-06       7500            80
Oliver Tuvault                                 23-NOV-07       7000            80
Janette King                                   30-JAN-04      10000            80
Patrick Sully                                  04-MAR-04       9500            80
Allan McEwen                                   01-AUG-04       9000            80
Lindsey Smith                                  10-MAR-05       8000            80
Louise Doran                                   15-DEC-05       7500            80
Sarath Sewall                                  03-NOV-06       7000            80

FULL_NAME                                      HIRE_DATE     SALARY DEPARTMENT_ID
---------------------------------------------- --------- ---------- -------------
Clara Vishney                                  11-NOV-05      10500            80
Danielle Greene                                19-MAR-07       9500            80
David Lee                                      23-FEB-08       6800            80
Sundar Ande                                    24-MAR-08       6400            80
Amit Banda                                     21-APR-08       6200            80
Lisa Ozer                                      11-MAR-05      11500            80
Harrison Bloom                                 23-MAR-06      10000            80
Tayler Fox                                     24-JAN-06       9600            80
William Smith                                  23-FEB-07       7400            80
Elizabeth Bates                                24-MAR-07       7300            80
Sundita Kumar                                  21-APR-08       6100            80

FULL_NAME                                      HIRE_DATE     SALARY DEPARTMENT_ID
---------------------------------------------- --------- ---------- -------------
Ellen Abel                                     11-MAY-04      11000            80
Alyssa Hutton                                  19-MAR-05       8800            80
Jonathon Taylor                                24-MAR-06       8600            80
Jack Livingston                                23-APR-06       8400            80
Kimberely Grant                                24-MAY-07       7000              
Charles Johnson                                04-JAN-08       6200            80
Winston Taylor                                 24-JAN-06       3200            50
Jean Fleaur                                    23-FEB-06       3100            50
Girard Geoni                                   03-FEB-08       2800            50
Nandita Sarchand                               27-JAN-04       4200            50
Alexis Bull                                    20-FEB-05       4100            50

FULL_NAME                                      HIRE_DATE     SALARY DEPARTMENT_ID
---------------------------------------------- --------- ---------- -------------
Julia Dellinger                                24-JUN-06       3400            50
Anthony Cabrio                                 07-FEB-07       3000            50
Kelly Chung                                    14-JUN-05       3800            50
Jennifer Dilly                                 13-AUG-05       3600            50
Timothy Gates                                  11-JUL-06       2900            50
Randall Perkins                                19-DEC-07       2500            50
Sarah Bell                                     04-FEB-04       4000            50
Britney Everett                                03-MAR-05       3900            50
Samuel McCain                                  01-JUL-06       3200            50
Vance Jones                                    17-MAR-07       2800            50
Alana Walsh                                    24-APR-06       3100            50

FULL_NAME                                      HIRE_DATE     SALARY DEPARTMENT_ID
---------------------------------------------- --------- ---------- -------------
Kevin Feeney                                   23-MAY-06       3000            50

100 rows selected. 

SQL> 
SQL> --query 4
SQL> SELECT *
  2  FROM employees
  3  WHERE (SALARY BETWEEN 8000 AND 12000)
  4  AND (COMMISSION_PCT IS NOT NULL)
  5  AND (HIRE_DATE > '05-JUN-2005');

EMPLOYEE_ID FIRST_NAME           LAST_NAME                 EMAIL                     PHONE_NUMBER         HIRE_DATE JOB_ID         SALARY COMMISSION_PCT MANAGER_ID DEPARTMENT_ID
----------- -------------------- ------------------------- ------------------------- -------------------- --------- ---------- ---------- -------------- ---------- -------------
        148 Gerald               Cambrault                 GCAMBRAU                  011.44.1344.619268   15-OCT-07 SA_MAN          11000             .3        100            80
        149 Eleni                Zlotkey                   EZLOTKEY                  011.44.1344.429018   29-JAN-08 SA_MAN          10500             .2        100            80
        152 Peter                Hall                      PHALL                     011.44.1344.478968   20-AUG-05 SA_REP           9000            .25        145            80
        153 Christopher          Olsen                     COLSEN                    011.44.1344.498718   30-MAR-06 SA_REP           8000             .2        145            80
        162 Clara                Vishney                   CVISHNEY                  011.44.1346.129268   11-NOV-05 SA_REP          10500            .25        147            80
        163 Danielle             Greene                    DGREENE                   011.44.1346.229268   19-MAR-07 SA_REP           9500            .15        147            80
        169 Harrison             Bloom                     HBLOOM                    011.44.1343.829268   23-MAR-06 SA_REP          10000             .2        148            80
        170 Tayler               Fox                       TFOX                      011.44.1343.729268   24-JAN-06 SA_REP           9600             .2        148            80
        176 Jonathon             Taylor                    JTAYLOR                   011.44.1644.429265   24-MAR-06 SA_REP           8600             .2        149            80
        177 Jack                 Livingston                JLIVINGS                  011.44.1644.429264   23-APR-06 SA_REP           8400             .2        149            80

10 rows selected. 

SQL> 
SQL> --query 5
SQL> SELECT FIRST_NAME, LAST_NAME, EMAIL, SALARY, MANAGER_ID
  2  FROM employees
  3  WHERE MANAGER_ID = 120
  4  OR MANAGER_ID = 103
  5  OR MANAGER_ID = 145;

FIRST_NAME           LAST_NAME                 EMAIL                         SALARY MANAGER_ID
-------------------- ------------------------- ------------------------- ---------- ----------
Bruce                Ernst                     BERNST                          6000        103
David                Austin                    DAUSTIN                         4800        103
Valli                Pataballa                 VPATABAL                        4800        103
Diana                Lorentz                   DLORENTZ                        4200        103
Julia                Nayer                     JNAYER                          3200        120
Irene                Mikkilineni               IMIKKILI                        2700        120
James                Landry                    JLANDRY                         2400        120
Steven               Markle                    SMARKLE                         2200        120
Winston              Taylor                    WTAYLOR                         3200        120
Jean                 Fleaur                    JFLEAUR                         3100        120
Martha               Sullivan                  MSULLIVA                        2500        120

FIRST_NAME           LAST_NAME                 EMAIL                         SALARY MANAGER_ID
-------------------- ------------------------- ------------------------- ---------- ----------
Girard               Geoni                     GGEONI                          2800        120
Peter                Tucker                    PTUCKER                        10000        145
David                Bernstein                 DBERNSTE                        9500        145
Peter                Hall                      PHALL                           9000        145
Christopher          Olsen                     COLSEN                          8000        145
Nanette              Cambrault                 NCAMBRAU                        7500        145
Oliver               Tuvault                   OTUVAULT                        7000        145

18 rows selected. 

SQL> 
SQL> --query 6
SQL> SELECT FIRST_NAME, SALARY, SALARY + (SALARY / 10) AS "Proposed Pay"
  2  from employees;

FIRST_NAME               SALARY Proposed Pay
-------------------- ---------- ------------
Donald                     2600         2860
Douglas                    2600         2860
Jennifer                   4400         4840
Michael                   13000        14300
Pat                        6000         6600
Susan                      6500         7150
Hermann                   10000        11000
Shelley                   12008      13208.8
William                    8300         9130
Steven                    24000        26400
Neena                     17000        18700

FIRST_NAME               SALARY Proposed Pay
-------------------- ---------- ------------
Lex                       17000        18700
Alexander                  9000         9900
Bruce                      6000         6600
David                      4800         5280
Valli                      4800         5280
Diana                      4200         4620
Nancy                     12008      13208.8
Daniel                     9000         9900
John                       8200         9020
Ismael                     7700         8470
Jose Manuel                7800         8580

FIRST_NAME               SALARY Proposed Pay
-------------------- ---------- ------------
Luis                       6900         7590
Den                       11000        12100
Alexander                  3100         3410
Shelli                     2900         3190
Sigal                      2800         3080
Guy                        2600         2860
Karen                      2500         2750
Matthew                    8000         8800
Adam                       8200         9020
Payam                      7900         8690
Shanta                     6500         7150

FIRST_NAME               SALARY Proposed Pay
-------------------- ---------- ------------
Kevin                      5800         6380
Julia                      3200         3520
Irene                      2700         2970
James                      2400         2640
Steven                     2200         2420
Laura                      3300         3630
Mozhe                      2800         3080
James                      2500         2750
TJ                         2100         2310
Jason                      3300         3630
Michael                    2900         3190

FIRST_NAME               SALARY Proposed Pay
-------------------- ---------- ------------
Ki                         2400         2640
Hazel                      2200         2420
Renske                     3600         3960
Stephen                    3200         3520
John                       2700         2970
Joshua                     2500         2750
Trenna                     3500         3850
Curtis                     3100         3410
Randall                    2600         2860
Peter                      2500         2750
John                      14000        15400

FIRST_NAME               SALARY Proposed Pay
-------------------- ---------- ------------
Karen                     13500        14850
Alberto                   12000        13200
Gerald                    11000        12100
Eleni                     10500        11550
Peter                     10000        11000
David                      9500        10450
Peter                      9000         9900
Christopher                8000         8800
Nanette                    7500         8250
Oliver                     7000         7700
Janette                   10000        11000

FIRST_NAME               SALARY Proposed Pay
-------------------- ---------- ------------
Patrick                    9500        10450
Allan                      9000         9900
Lindsey                    8000         8800
Louise                     7500         8250
Sarath                     7000         7700
Clara                     10500        11550
Danielle                   9500        10450
Mattea                     7200         7920
David                      6800         7480
Sundar                     6400         7040
Amit                       6200         6820

FIRST_NAME               SALARY Proposed Pay
-------------------- ---------- ------------
Lisa                      11500        12650
Harrison                  10000        11000
Tayler                     9600        10560
William                    7400         8140
Elizabeth                  7300         8030
Sundita                    6100         6710
Ellen                     11000        12100
Alyssa                     8800         9680
Jonathon                   8600         9460
Jack                       8400         9240
Kimberely                  7000         7700

FIRST_NAME               SALARY Proposed Pay
-------------------- ---------- ------------
Charles                    6200         6820
Winston                    3200         3520
Jean                       3100         3410
Martha                     2500         2750
Girard                     2800         3080
Nandita                    4200         4620
Alexis                     4100         4510
Julia                      3400         3740
Anthony                    3000         3300
Kelly                      3800         4180
Jennifer                   3600         3960

FIRST_NAME               SALARY Proposed Pay
-------------------- ---------- ------------
Timothy                    2900         3190
Randall                    2500         2750
Sarah                      4000         4400
Britney                    3900         4290
Samuel                     3200         3520
Vance                      2800         3080
Alana                      3100         3410
Kevin                      3000         3300

107 rows selected. 

SQL> 
SQL> --query 6.1
SQL> SELECT FIRST_NAME, SALARY, SALARY + (SALARY / COMMISSION_PCT) AS "Total Pay"
  2  from employees
  3  WHERE COMMISSION_PCT IS NOT NULL;

FIRST_NAME               SALARY  Total Pay
-------------------- ---------- ----------
John                      14000      49000
Karen                     13500      58500
Alberto                   12000      52000
Gerald                    11000 47666.6667
Eleni                     10500      63000
Peter                     10000 43333.3333
David                      9500      47500
Peter                      9000      45000
Christopher                8000      48000
Nanette                    7500      45000
Oliver                     7000 53666.6667

FIRST_NAME               SALARY  Total Pay
-------------------- ---------- ----------
Janette                   10000 38571.4286
Patrick                    9500 36642.8571
Allan                      9000 34714.2857
Lindsey                    8000 34666.6667
Louise                     7500      32500
Sarath                     7000      35000
Clara                     10500      52500
Danielle                   9500 72833.3333
Mattea                     7200      79200
David                      6800      74800
Sundar                     6400      70400

FIRST_NAME               SALARY  Total Pay
-------------------- ---------- ----------
Amit                       6200      68200
Lisa                      11500      57500
Harrison                  10000      60000
Tayler                     9600      57600
William                    7400 56733.3333
Elizabeth                  7300 55966.6667
Sundita                    6100      67100
Ellen                     11000 47666.6667
Alyssa                     8800      44000
Jonathon                   8600      51600
Jack                       8400      50400

FIRST_NAME               SALARY  Total Pay
-------------------- ---------- ----------
Kimberely                  7000 53666.6667
Charles                    6200      68200

35 rows selected. 

SQL> 
SQL> --part 4
SQL> --query 1
SQL> SELECT AVG(SALARY) AS "Average Salary"
  2  FROM employees
  3  WHERE MANAGER_ID = 101;

Average Salary
--------------
        8983.2

SQL> 
SQL> --query 2
SQL> SELECT SUM(SALARY) AS "Total Salaries"
  2  FROM employees
  3  WHERE DEPARTMENT_ID = 50
  4  OR DEPARTMENT_ID = 60;

Total Salaries
--------------
        185200

SQL> 
SQL> --query 3
SQL> SELECT MIN(SALARY), MAX(HIRE_DATE), MIN(LAST_NAME)
  2  FROM employees;

MIN(SALARY) MAX(HIRE_ MIN(LAST_NAME)           
----------- --------- -------------------------
       2100 21-APR-08 Abel                     

SQL> 
SQL> --query 4
SQL> SELECT MIN(HIRE_DATE)
  2  FROM employees;

MIN(HIRE_
---------
13-JAN-01

SQL> 
SQL> --query 5
SQL> SELECT 'The company operates in ' || COUNT(DISTINCT REGION_NAME) || ' Regions' AS "REGIONS"
  2  FROM REGIONS;

REGIONS                                                                 
------------------------------------------------------------------------
The company operates in 4 Regions

SQL> 
SQL> --part 5
SQL> --query 1
SQL> SELECT COUNT(EMPLOYEE_ID)
  2  FROM employees;

COUNT(EMPLOYEE_ID)
------------------
               107

SQL> 
SQL> SELECT COUNT(EMPLOYEE_ID) AS "No of Employees", DEPARTMENT_ID
  2  FROM employees
  3  GROUP BY DEPARTMENT_ID;

No of Employees DEPARTMENT_ID
--------------- -------------
             45            50
              1            40
              2           110
              1            70
              3            90
              6            30
              1            10
              1              
              2            20
              5            60
              6           100

No of Employees DEPARTMENT_ID
--------------- -------------
             34            80

12 rows selected. 

SQL> 
SQL> --query 2
SQL> SELECT MANAGER_ID, MIN(SALARY) AS "Min Salary", MAX(SALARY) AS "Max Salary", AVG(SALARY) AS "Average Salary"
  2  FROM employees
  3  GROUP BY MANAGER_ID
  4  ORDER BY MANAGER_ID;

MANAGER_ID Min Salary Max Salary Average Salary
---------- ---------- ---------- --------------
       100       5800      17000          11100
       101       4400      12008         8983.2
       102       9000       9000           9000
       103       4200       6000           4950
       108       6900       9000           7920
       114       2500       3100           2780
       120       2200       3200         2762.5
       121       2100       4200           3175
       122       2200       3800           2950
       123       2500       4000         3237.5
       124       2500       3500           2875

MANAGER_ID Min Salary Max Salary Average Salary
---------- ---------- ---------- --------------
       145       7000      10000           8500
       146       7000      10000           8500
       147       6200      10500     7766.66667
       148       6100      11500           8650
       149       6200      11000     8333.33333
       201       6000       6000           6000
       205       8300       8300           8300
                24000      24000          24000

19 rows selected. 

SQL> 
SQL> --query 3
SQL> SELECT DEPARTMENT_ID, MIN(SALARY) AS "Min Salary", MAX(SALARY) AS "Max Salary", AVG(SALARY) AS "Average Salary"
  2  FROM employees
  3  GROUP BY DEPARTMENT_ID
  4  ORDER BY DEPARTMENT_ID;

DEPARTMENT_ID Min Salary Max Salary Average Salary
------------- ---------- ---------- --------------
           10       4400       4400           4400
           20       6000      13000           9500
           30       2500      11000           4150
           40       6500       6500           6500
           50       2100       8200     3475.55556
           60       4200       9000           5760
           70      10000      10000          10000
           80       6100      14000     8955.88235
           90      17000      24000     19333.3333
          100       6900      12008     8601.33333
          110       8300      12008          10154

DEPARTMENT_ID Min Salary Max Salary Average Salary
------------- ---------- ---------- --------------
                    7000       7000           7000

12 rows selected. 

SQL> 
SQL> --query 4
SQL> SELECT DEPARTMENT_NAME AS "Department", MIN(SALARY) AS "Minimum Salary"
  2  FROM departments, employees
  3  WHERE departments.department_id = employees.department_id
  4  AND (SALARY <= 7000)
  5  GROUP BY departments.DEPARTMENT_NAME
  6  ORDER BY 2;

Department                     Minimum Salary
------------------------------ --------------
Shipping                                 2100
Purchasing                               2500
IT                                       4200
Administration                           4400
Marketing                                6000
Sales                                    6100
Human Resources                          6500
Finance                                  6900

8 rows selected. 

SQL> 
SQL> --part 6
SQL> --query 1
SQL> 
SQL> 
SQL> --now spool off
SQL> SELECT TO_CHAR(sysdate, 'dd-mm-yyyy hh24:mi:ss') "Log end" FROM dual;

Log end            
-------------------
01-03-2022 16:47:29

SQL> spool OFF;
